Type,Filter,TRUTH.TOTAL,TRUTH.TP,TRUTH.FN,QUERY.TOTAL,QUERY.FP,QUERY.UNK,FP.gt,FP.al,METRIC.Recall,METRIC.Precision,METRIC.Frac_NA,METRIC.F1_Score,TRUTH.TOTAL.TiTv_ratio,QUERY.TOTAL.TiTv_ratio,TRUTH.TOTAL.het_hom_ratio,QUERY.TOTAL.het_hom_ratio,	run
INDEL,ALL,525469,519079,6390,892719,3369,348852,2473,421,0.9878389999999999,0.9938049999999999,0.390775,0.9908129999999999,,,1.528275734138537,1.892501405134311,	deepvariant_HG002
INDEL,PASS,525469,519079,6390,892719,3369,348852,2473,421,0.9878389999999999,0.9938049999999999,0.390775,0.9908129999999999,,,1.528275734138537,1.892501405134311,	deepvariant_HG002
SNP,ALL,3365127,3344672,20455,3840687,6131,488147,1391,617,0.9939209999999999,0.9981709999999999,0.127099,0.996042,2.1001284867575745,1.9864187695046072,1.5811958532541182,1.4980722697104238,	deepvariant_HG002
SNP,PASS,3365127,3344672,20455,3840687,6131,488147,1391,617,0.9939209999999999,0.9981709999999999,0.127099,0.996042,2.1001284867575745,1.9864187695046072,1.5811958532541182,1.4980722697104238,	deepvariant_HG002
