{
    "TP-base": 13,
    "TP-comp": 13,
    "FP": 9497,
    "FN": 13719,
    "precision": 0.001366982124079916,
    "recall": 0.0009466938537722109,
    "f1": 0.0011186644867051028,
    "base cnt": 13732,
    "comp cnt": 9510,
    "TP-comp_TP-gt": 8,
    "TP-comp_FP-gt": 5,
    "TP-base_TP-gt": 8,
    "TP-base_FP-gt": 5,
    "gt_concordance": 0.6153846153846154,
    "gt_matrix": {
        "(0, 1)": {
            "(0, 1)": 8,
            "(1, 1)": 1
        },
        "(None, None)": {
            "(0, 1)": 2
        },
        "(0, 0)": {
            "(0, 1)": 2
        }
    }
}