Type,Filter,TRUTH.TOTAL,TRUTH.TP,TRUTH.FN,QUERY.TOTAL,QUERY.FP,QUERY.UNK,FP.gt,FP.al,METRIC.Recall,METRIC.Precision,METRIC.Frac_NA,METRIC.F1_Score,TRUTH.TOTAL.TiTv_ratio,QUERY.TOTAL.TiTv_ratio,TRUTH.TOTAL.het_hom_ratio,QUERY.TOTAL.het_hom_ratio,	run
INDEL,ALL,525469,515560,9909,875380,6569,334974,4149,572,0.981143,0.987844,0.38266100000000003,0.984482,,,1.528275734138537,1.8953993716115898,	strelka_HG002
INDEL,PASS,525469,513675,11794,834212,3403,298722,2401,324,0.977555,0.9936450000000001,0.358089,0.985535,,,1.528275734138537,1.8205751890885689,	strelka_HG002
SNP,ALL,3365127,3341546,23581,4233605,67357,821358,4302,7749,0.992993,0.98026,0.194009,0.986585,2.1001284867575745,1.8583435698762165,1.5811958532541182,1.8781977072413574,	strelka_HG002
SNP,PASS,3365127,3323449,41678,3676907,4389,345864,909,758,0.9876149999999999,0.998682,0.094064,0.9931180000000001,2.1001284867575745,2.038753419553027,1.5811958532541182,1.57305061157284,	strelka_HG002
