Type,Filter,TRUTH.TOTAL,TRUTH.TP,TRUTH.FN,QUERY.TOTAL,QUERY.FP,QUERY.UNK,FP.gt,FP.al,METRIC.Recall,METRIC.Precision,METRIC.Frac_NA,METRIC.F1_Score,TRUTH.TOTAL.TiTv_ratio,QUERY.TOTAL.TiTv_ratio,TRUTH.TOTAL.het_hom_ratio,QUERY.TOTAL.het_hom_ratio
INDEL,ALL,525469,516926,8543,895219,6343,351037,3797,436,0.983742,0.988344,0.392124,0.986038,,,1.528275734138537,1.8797119780755498
INDEL,PASS,525469,516926,8543,895219,6343,351037,3797,436,0.983742,0.988344,0.392124,0.986038,,,1.528275734138537,1.8797119780755498
SNP,ALL,3365127,3340110,25017,3957190,28452,587714,2758,2288,0.992566,0.991556,0.148518,0.9920610000000001,2.1001284867575745,1.9560158340309197,1.5811958532541182,1.7246457081290798
SNP,PASS,3365127,3340110,25017,3957190,28452,587714,2758,2288,0.992566,0.991556,0.148518,0.9920610000000001,2.1001284867575745,1.9560158340309197,1.5811958532541182,1.7246457081290798
