Type,Filter,TRUTH.TOTAL,TRUTH.TP,TRUTH.FN,QUERY.TOTAL,QUERY.FP,QUERY.UNK,FP.gt,FP.al,METRIC.Recall,METRIC.Precision,METRIC.Frac_NA,METRIC.F1_Score,TRUTH.TOTAL.TiTv_ratio,QUERY.TOTAL.TiTv_ratio,TRUTH.TOTAL.het_hom_ratio,QUERY.TOTAL.het_hom_ratio,	run
INDEL,ALL,525469,504432,21037,881738,19441,341005,13873,1528,0.959965,0.964047,0.38674200000000003,0.962002,,,1.528275734138537,1.8211051374734122,	freebayes_HG002
INDEL,PASS,525469,504432,21037,881738,19441,341005,13873,1528,0.959965,0.964047,0.38674200000000003,0.962002,,,1.528275734138537,1.8211051374734122,	freebayes_HG002
SNP,ALL,3365127,3344473,20654,4423242,129028,946030,3762,16431,0.9938620000000001,0.962893,0.213877,0.978133,2.1001284867575745,1.8132303933942775,1.5811958532541182,1.8836484571228804,	freebayes_HG002
SNP,PASS,3365127,3344473,20654,4423242,129028,946030,3762,16431,0.9938620000000001,0.962893,0.213877,0.978133,2.1001284867575745,1.8132303933942775,1.5811958532541182,1.8836484571228804,	freebayes_HG002
