{
    "TP-base": 1082,
    "TP-comp": 1082,
    "FP": 1862,
    "FN": 12650,
    "precision": 0.36752717391304346,
    "recall": 0.07879405767550247,
    "f1": 0.1297673302950348,
    "base cnt": 13732,
    "comp cnt": 2944,
    "TP-comp_TP-gt": 978,
    "TP-comp_FP-gt": 104,
    "TP-base_TP-gt": 978,
    "TP-base_FP-gt": 104,
    "gt_concordance": 0.9038817005545287,
    "gt_matrix": {
        "(0, 1)": {
            "(0, 1)": 344,
            "(1, 1)": 63
        },
        "(1, 1)": {
            "(1, 1)": 634,
            "(0, 1)": 29
        },
        "(None, None)": {
            "(1, 1)": 6,
            "(0, 1)": 4
        },
        "(0, 0)": {
            "(0, 1)": 1,
            "(1, 1)": 1
        }
    }
}