{
    "TP-base": 123,
    "TP-comp": 123,
    "FP": 4722,
    "FN": 13609,
    "precision": 0.025386996904024767,
    "recall": 0.008957180308767842,
    "f1": 0.013242181191796307,
    "base cnt": 13732,
    "comp cnt": 4845,
    "TP-comp_TP-gt": 119,
    "TP-comp_FP-gt": 4,
    "TP-base_TP-gt": 119,
    "TP-base_FP-gt": 4,
    "gt_concordance": 0.967479674796748,
    "gt_matrix": {
        "(1, 1)": {
            "(1, 1)": 79,
            "(0, 1)": 2
        },
        "(0, 1)": {
            "(0, 1)": 40,
            "(1, 1)": 2
        }
    }
}